motif_id	motif_alt_id	sequence_name	start	stop	strand	score	p-value	q-value	matched_sequence
TRS_short		NC_045512.2	70	75	+	11.88	0.000252	0.838	ACGAAC
TRS_short		NC_045512.2	21556	21561	+	11.88	0.000252	0.838	ACGAAC
TRS_short		NC_045512.2	25385	25390	+	11.88	0.000252	0.838	ACGAAC
TRS_short		NC_045512.2	26237	26242	+	11.88	0.000252	0.838	ACGAAC
TRS_short		NC_045512.2	26473	26478	+	11.88	0.000252	0.838	ACGAAC
TRS_short		NC_045512.2	27041	27046	+	11.88	0.000252	0.838	ACGAAC
TRS_short		NC_045512.2	27388	27393	+	11.88	0.000252	0.838	ACGAAC
TRS_short		NC_045512.2	27888	27893	+	11.88	0.000252	0.838	ACGAAC
TRS_short		NC_045512.2	28260	28265	+	11.88	0.000252	0.838	ACGAAC
TRS_short		NC_045512.2	1897	1902	+	5.41333	0.000492	1	ACGATC
TRS_short		NC_045512.2	4581	4586	+	5.41333	0.000492	1	ACGATC
TRS_short		NC_045512.2	29749	29754	+	5.41333	0.000492	1	ACGATC
TRS_short		NC_045512.2	493	498	+	5.28	0.000731	1	TCGAAC
TRS_short		NC_045512.2	20315	20320	+	5.28	0.000731	1	TCGAAC

# FIMO (Find Individual Motif Occurrences): Version 5.1.1 compiled on Feb 28 2020 at 16:34:02
# The format of this file is described at @SITEURL@/doc/fimo-output-format.html.
# fimo --thresh 1e-3 --norc TRS.meme wuhan_coronavirus.fasta
