motif_id,motif_alt_id,sequence_name,start,stop,strand,score,p-value,q-value,matched_sequence
out,,MT007544.1,65,75,+,21.4364,0.000000304,0.00534,TCTAAACGAAC
out,,MT007544.1,26468,26478,+,21.4364,0.000000304,0.00534,TCTAAACGAAC
out,,MT007544.1,28255,28265,+,21.4364,0.000000304,0.00534,TCTAAACGAAC
out,,MT007544.1,21551,21561,+,14.1455,0.00000202,0.0267,ACTAAACGAAC
out,,MT007544.1,27883,27893,+,13.1273,0.00000288,0.0304,CCTAAACGAAC
out,,MT007544.1,27383,27393,+,9.76364,0.0000101,0.0891,ATTAAACGAAC
out,,MT007544.1,27483,27493,+,7.58182,0.000016,0.12,TTTAAAAGAAC
out,,MT007544.1,4585,4595,+,6.29091,0.0000232,0.153,TCTAAATGAAA
out,,MT007544.1,25138,25148,+,3.27273,0.0000598,0.325,TTTAAATGAAT
out,,MT007544.1,25380,25390,+,3.16364,0.0000616,0.325,CATAAACGAAC
out,,MT007544.1,28239,28249,-,2.12727,0.0000832,0.399,TCTAAAACAAC
out,,MT007544.1,9177,9187,-,1.61818,0.0000973,0.399,TCTAACAGAAC
out,,MT007544.1,17248,17258,-,1.56364,0.0000982,0.399,TCTACACGAGC
