motif_id	motif_alt_id	sequence_name	start	stop	strand	score	p-value	q-value	matched_sequence
TRS_short		MT007544.1	70	75	+	11.8684	0.000252	0.838	ACGAAC
TRS_short		MT007544.1	21556	21561	+	11.8684	0.000252	0.838	ACGAAC
TRS_short		MT007544.1	25385	25390	+	11.8684	0.000252	0.838	ACGAAC
TRS_short		MT007544.1	26237	26242	+	11.8684	0.000252	0.838	ACGAAC
TRS_short		MT007544.1	26473	26478	+	11.8684	0.000252	0.838	ACGAAC
TRS_short		MT007544.1	27041	27046	+	11.8684	0.000252	0.838	ACGAAC
TRS_short		MT007544.1	27388	27393	+	11.8684	0.000252	0.838	ACGAAC
TRS_short		MT007544.1	27888	27893	+	11.8684	0.000252	0.838	ACGAAC
TRS_short		MT007544.1	28260	28265	+	11.8684	0.000252	0.838	ACGAAC
TRS_short		MT007544.1	1897	1902	+	5.68421	0.000492	1	ACGATC
TRS_short		MT007544.1	4581	4586	+	5.68421	0.000492	1	ACGATC
TRS_short		MT007544.1	5592	5597	+	5.57895	0.000796	1	ATGAAC
TRS_short		MT007544.1	5706	5711	+	5.57895	0.000796	1	ATGAAC
TRS_short		MT007544.1	10770	10775	+	5.57895	0.000796	1	ATGAAC
TRS_short		MT007544.1	18941	18946	+	5.57895	0.000796	1	ATGAAC
TRS_short		MT007544.1	24891	24896	+	5.57895	0.000796	1	ATGAAC
TRS_short		MT007544.1	26186	26191	+	5.57895	0.000796	1	ATGAAC

# FIMO (Find Individual Motif Occurrences): Version 5.1.1 compiled on Feb 28 2020 at 16:34:02
# The format of this file is described at @SITEURL@/doc/fimo-output-format.html.
# fimo --thresh 1e-3 --norc TRS.meme wuhan_coronavirus_australia.fasta
